text,actual_label,predicted_label
"@user I still think it was fake. I always thought Nicki to be the type to call you out on a random Tuesday, not at an awards show""",Negative,Neutral
John Cena throwing Jon Stewart at the WWE is pretty amusing:,Positive,Neutral
"""1st this @user writer implies I copied Kpop, now lectures me to know it. What's the Korean word for backtrack?",Neutral,Negative
Hard to be excited about Eric church at wefest for the 3rd time in 5 years. Does literally no one else want to headline?!,Negative,Positive
"August 29, 2015  VIDEO: What Sarah Palin and Donald Trump  Did Last Night Is Exploding Across the Internet",Positive,Negative
"""I miss old school Dashboard Confessional, taking back Sunday, senses fail, early November, and the used. #middleschooljams""",Negative,Positive
"@user Yeah, keeps my mind off of not having any Hedley dates to look forward to. Although my last day is December 11th at work.""",Neutral,Negative
"@user on the 11th, or as I like to call, the day the chosen one was born, and by chosen one I mean Hulk Hogan""",Positive,Neutral
"""*sunrise* Rahul Gandhi : Can you see sunlight? Students : Yesss! Rahul Gandhi : May be you can see it, i don't, i am inside the hall.""",Neutral,Negative
Daily MailCelebrity Big Brother's Emma Willis is casual ahead of UK vs USA CBB launchDaily MailAnd just a month after the 16th series...,Positive,Neutral
Tomorrow haunted house with Sam kaitlyn marisela Yesinea marcos and maybe Walter and Katie xD,Neutral,Positive
#YakubDebate have you seen the long bearded Yakub off late. #presstitutes won't show the radicalised man.,Neutral,Positive
I\u2019m definitely going to that cypress game Friday.,Positive,Neutral
1st time i drove stick ever  i kinda lied to the salesman at AB Honda that i can drive standard and took the 5 speed manual for a #TestDrive,Negative,Neutral
@user Just because I made up a 10th or 11th Tails I forgot. If you Watch Naruto then you already..but I'm over it.,Neutral,Negative
ugh why everyone going to Athens Saturday night. go Friday!,Negative,Positive
@user naww U2 may not be the best band for you then,Negative,Positive
@user And the father of the Speaker of the Knesset works for Kirill. My 1st argument that Active Measures are severe in Israel.,Negative,Neutral
@user kane is a better then rooney with back to goal. rooney better sat just off,Neutral,Negative
"So what if Donald Trump is right on some things? Like the old saying goes ""the sun will shine on a dog's ass, occasionally."" ;-)",Neutral,Negative
Don't miss the beast Brock Lesnar on ESPN tomorrow morning! #BrockLesnar,Positive,Neutral
\u2019No Favorites\u2019 for Russia-Portugal Clash - Capello: MOSCOW\u002c October 11 (RIA Novosti) - Russia\u2019s match with Portu...,Negative,Neutral
Arsenal to make improved bid for Juventus striker ...,Positive,Neutral
"""Tomorrow's field trip day, so I deserve Dunkin bfast. Then it's Friday, so definitely deserve Dunkin. And well Saturdays are special so...""",Neutral,Positive
@user that practice is from the african athiests and sun worshippers. Not from Islam.,Neutral,Negative
Who else thinks that the \u2019Little Things\u2019 video that premieres November 2nd is gonna beat Justin Biebers record?,Neutral,Negative
"""A random homeless guy was married you, Justin Bieber may perhaps at this pointed invitation was not in nature.""",Neutral,Negative
Thank god bob gainey isnt the gm of monteal anymore. He probably would have tried to pick mario lemieux with the 3rd pick #TSN #NHLDRAFT,Positive,Negative
"""Heather is like the serpent in the garden trying 2 entice info from McBain! Michael Easton, dont ever go away that long! Watching Tues #GH.""",Negative,Neutral
"@user that's a good point. I didn't think about it. It sounded like Tegan but I read """"""""iPhone"""""""" and I assumed it was Sara. You may be right""",Positive,Negative
Celtics game tomorrow night at 7:30!! How about a hometown win!,Neutral,Positive
@user Yeah. I saw Reakwon at Soundset and many times before. Still want to go but you know. If it wasn't a Sunday freaking night...,Negative,Neutral
"@user Berlusconi on September 29th: """"My old Milanista heart didn't allow me to sell the club. We'll control Milan forever.""""""",Neutral,Positive
"@user Sir, there are enemies in the White House.Something needs to be done TODAY not November 6th.Clinton,Obama,Panetta,Petraeus,Lamb""",Negative,Neutral
"Did you get a chance to join our Google+ Hangout Friday, July 24th? Take a few minutes to watch the live broadcast!",Positive,Neutral
Dressing ghetto tomorrow with my Nike sandals no socks looks like gotta cut my toe nails,Negative,Positive
We\u2019re playing with Jim White on Tuesday! Static on the Radio por favor? via @user @user @user #DCSHOWS,Neutral,Positive
Welcome to Lukmon Osukoya's Blog: Boko Haram may be receiving its funding from the p...,Positive,Negative
Listen Kendrick hard but that last Album was weak af yal can remove yal lips from his dick cause the 1st Album was wayyyyyy harder,Neutral,Negative
"""\""""@rwh4vt: We look like UVA. There I said it.\"""" So sad but so very true.. November 24th is going to be a circus""",Negative,Positive
You know you're a fag when you listen to music from naruto on Monday nights,Negative,Positive
May God bless the people of Israel and keep them safe.,Positive,Negative
Like and share this if you want the mcpe 0.12.0 update on ios tomorrow #0.12.0 #ios #minecraft,Neutral,Positive
@user Oooh. Haha. Well unfortunately I really shouldn't watch another tonight. Although I might. But it'd be Blue which will make me,Negative,Positive
"""Why Christmas and not """"Holiday""""? Us Jews (and perhaps Muslims) might want to know?",Neutral,Negative
My middle daughter just told me a 5th grade presentation in her class was on Seth Rollins.  #school #wwe #education,Neutral,Negative
Another Saturday where it seems like Plan B is gonna take over.,Neutral,Negative
@user @user Can\u2019t really remember but I think it was Capello\u2019s 2nd and we started with 9 or 10 wins and ended with Chimenti,Neutral,Positive
Donald Trump pledges 2 forgo a 3rd- party run. While Chris Christie pledges never 2 run let alone jog as he sometimes forgets his nebulizer.,Neutral,Negative
Sum1'll say he saw PMB wt Michelle Obama @ a hotel kissin n d nxt 2nd ur readn it online alrdy! No e4ts 2 find out d authenticity of d story,Positive,Negative
"""Excited to read """"Go Set a Watchman"""" on Tuesday.  But can it possibly live up to """"To Kill a Mockingbird?""""  Any opinions?""",Positive,Negative
@user @user yes it is a song partly about Hillsborough\u002c my point is it was aimed towards Suarez on Sunday,Neutral,Positive
Amen RT @user May the Universe guide Tony Romo's arms and eyes toward Jason Witten. And May Jason (cont),Neutral,Negative
I didn't watch Sharknado 3 because I never saw the 2nd movie and thought I'd be lost.,Neutral,Negative
The 1st Amendment is being ignored while the new federal right to marriage equality made up by SCOTUS (marriage...,Negative,Neutral
"""Whoever brought about the 7th grade pop edition of Ed Sheeran """"photograph"""".. #die""",Negative,Neutral
Up to the 4th episode of True Blood 2nd season.  It gets better & better.,Positive,Negative
"""Did Donald Trump propose the biggest tax hike in American history as Jeb Bush says?""  Ruling: True",Neutral,Negative
"""Tim Chaisson is heading out on an Australian Tour with his first stop in Newcastle, NSW on the 13th. His new tour...",Positive,Neutral
So whos seeing Peacock and Gamble tomorrow who can get me a ticket because I haven\u2019t got a card. I have the money\u002c I\u2019ll give it to you there,Neutral,Negative
My friday night consists of bingewatching Inside Amy Schumer on my pc with my flatmate next to me on my bed watching something scary on hers,Neutral,Positive
Big Thurs coming in HS Football: Richwood @ Ouachita\u002c Grambling @ OCS\u002c & St. Fred @user Will have you covered all wk @user,Neutral,Negative
"""Selena Gomez &amp; Kris Jenner May Have Teamed Up &amp; Weirdly, That's Not the Worst Idea - #GoogleAlerts""",Positive,Negative
Is anyone going to go see Kendrick at day for night tomorrow?!?,Neutral,Positive
Jiujitsu test tomorrow... I think it might be the first time im nervous about... Anything in almost a year,Negative,Positive
"""Scott Walker thinks building a wall between the US &amp; anything is legitimate. His Wall dreams will cost taxpayers an arm, leg &amp; 1st born.""",Negative,Neutral
@user WHSmith I think? Or an Amazon Prime account would get it there by tomorrow,Neutral,Negative
Went to the Shepard Fairey exhibition yesterday at Stolen Gallery just off Brick Lane. Fantastic art - on till Nov 4th so still time to go!!,Positive,Neutral
"""There are perks of being an Oakland Raider. One of them: Ice Cube takes care of you. On Wednesday night, the...",Positive,Neutral
#Trayvon My daily tweet (9-09) in memory of Trayvon Martin- killed 197 days ago. ~May you Rest in Peace~ (Praying and hoping for the family),Neutral,Positive
Would you like to join us at our annual gala at the Sandman Signature Resort on Oct 25? Contact our centre at 6042773100 for tickets!,Positive,Neutral
"""Naruto volume 70 from @user  ranks at #7, marking its 8th week on the New York Times Manga Bestsellers""",Positive,Neutral
"""Shawn literally is like:""""show tomorrow ! Tickets on sale right now go get them """" like thanks for the warning ...""",Neutral,Positive
John Cena will become my favorite wrestler ever if this angle leads to him beating the snot out of Jon Stewart on Raw tomorrow. #Summerslam,Positive,Neutral
Amazon Prime Day sales up 18 per cent on Black Friday: Amazon has detailed its plans to make Prime Day an annu...,Positive,Neutral
All the talk will be about Nicki and Miley tomorrow. Nothing else has been talk worthy. #VMAs,Neutral,Negative
"""remember when ashton tweeted me about the 1st atlanta meetup :,)""",Positive,Neutral
Briana just sat her ass there while Matt said he's done with her sister? This chic!  She deserves everything she gets! #LittleWomenLA,Negative,Neutral
@user Tuesday morning raw is awesome John cena with AAAA,Positive,Neutral
Nokia N9 in nine seconds: By Ian posted on the 13th of July 2011 at 8:35AM GLOBAL - The Nokia N9 is fast. So fast that a regular 30-s...,Positive,Neutral
Nuno Espirito Santo has been a nice surprise. Valencia currently 2nd in La Liga. Beat Atletico Madrid on the weekend.,Positive,Neutral
"@user @user small words ms Curtis, he's still a 4th grader mentally""",Negative,Neutral
Storms are starting to pop. Storm motion today in Tampa Bay is NW at 10-15mph so if you see dark skies to your SE...,Neutral,Positive
"""Ya know, John Kasich actually seems like a real human being with a real record.. Too bad that may or may not mean anything""",Negative,Neutral
Pride parade is on the 20th next month..let's hope I don't end up in the hospital again :-),Neutral,Positive
RICHARD BLAND PPL why are you guys going back tomorrow if we don't have classes monday,Neutral,Negative
"""You can catch these guys performing late night at the Gin Mill and Grille in Northampton, PA this Friday!! This...",Neutral,Positive
@user Morgan may be next face of US women's soccer: They just didn't know who her opponent w... Youth Soccer,Neutral,Negative
"some days I want to blast fleetwood Mac, some days I want to blast biggie and others blast taking back Sunday.",Neutral,Positive
#np Ni**as In Paris - JayZ & Kanye\u002c cant wait to see the live in June #watchthethrone,Positive,Neutral
Kanye West to run for President? Making Kim the First 1st Lady with a sex tape.,Negative,Neutral
@user Hahaha you clearly have never seen AF live. Clueless. Regarded by Rolling Stone as the 4th best live band around.,Positive,Neutral
You may feel you\u2019re alone\u002c But I\u2019m here still with you. You can do what you dream Just remember to listen to the rain ~by: Amy Lee,Neutral,Positive
"@user @user if he can play then I hope he plays against barca, on the 20th",Neutral,Positive
I hope Tom Brady gets fucking clobbered about 699 times next Sunday,Negative,Positive
"Iniesta is the 3rd best after Messi and Ronaldo, no one comes close, not Neymar not Hazard #spain",Positive,Negative
Starting to know how Paul Dunne felt yesterday walking to the 1st tee,Neutral,Positive
Pancakes for a dollar tomorrow at Ihop... you're welcome,Positive,Neutral
Andrew Luck featured in the latest Rolling Stone and on the cover!  NFL Kickoff is this Thursday!  Colts regular...,Positive,Neutral
Would you believe CNN wsnts to deny Carly Fiorina a spot in the ma8n September 16th 'debate.' Very wrong and stupid,Negative,Positive
"""No doubt, George Osborne dreams Daniel Craig will play him in the biopic. All (dyed) Lego hair + macho black jackets.",Positive,Neutral
Now I'm talking to my big sister and she's telling me that Kane's telling her he is going out on sat and I'm like yhhh I know with me,Positive,Negative
Scott Walker said Sunday he is open to building a wall on the U.S. border with Canada. (Idiot) #tcot,Negative,Neutral
"@user Trust me when I say that you are not alone, Kerry; mile 11 of Sunday's half marathon felt worse than mile 23 of my 1st full!",Neutral,Negative
"@user i could pick up my dog, my 2nd cousin and david beckham and still get top 3 at that event, pls win it",Neutral,Positive
"""\""""""""Twinkle Toes D\"""""""" Really\u002c Laurin? That\u2019s why you\u2019re just my 2nd favorite Lolo Jones.""",Neutral,Negative
I literally had actual plans to go to Disneyland on Thursday and now I don't. This is what the broken heart emoji was made for,Neutral,Negative
@user F3 bro from @user is cooking in the FiddleNPig shindig BBQ peoples choice comp w/Holy Smoke team Sat in Ft Mill Google it,Neutral,Positive
"""2-run HR by Jackie Bradley Jr., Red Sox now up 7-2 over Toronto, what a 2nd half he has had""",Positive,Neutral
@user and I\u2019ll pull out the Kentucky Derby  picture from 9th grade. #blackmail,Negative,Neutral
Hammond: we now have a balanced budget with an affordable equipment programme\u002c backed by what will still be the 4th largest defence budget.,Positive,Negative
@user yah I know it's on. But it keeps saying Monday night football and says MNF on the scoreboard. I'm just confused bc it's Thursday,Negative,Positive
Very gruesome terrible injury for Marcus Lattimore (2nd year in a row) be strong\u002c the injury was similar to Mcgahee from 2003 Fiesta Bowl.,Negative,Positive
"""Emma Stone in Miu Miu dress at Paris Fashion Week show, matching umbrella and lippie we applaud you! via @user",Positive,Neutral
Aaron Brooks and Marcus Thornton combine to go 8-25 and we lose to the Bulls by 6. Everybody have a good Thursday.,Neutral,Positive
Dana White &amp; Joe Silva are scum bag atheists and Ronda Rousey is endorsing Bernie Sanders. Don't give them your money. Stream the UFC on Sat,Negative,Positive
"""LOL. So Haryana has a day off tomorrow because it\u2019s \""""""""Haryana Day\"""""""".""",Positive,Neutral
I'll believe it when I see it...Frank Ocean got my trust fucked up,Negative,Positive
"""May Allah forgive me if Im wrong for saying this but I think Allah is testing Muslims with wars, etc to purify us and wake us up""",Neutral,Negative
Crappity-crap! I'm always away when he comes to town! Paul McCartney to play ACC on Oct. 17,Negative,Neutral
Who's going to be at Zac Brown Band next Sunday?,Neutral,Positive
@user @user hahaha NAT!  I feel a resurgence in the 2nd half #itshowyoufinish #gotheeeem,Positive,Neutral
"@user I don't get it, they hate Christians and march for Islam, Christians may not agree with their lifestyle but we don't kill""",Neutral,Negative
I wish I was out MD I wanna bear on Negros shit is fun \u002c going out Sunday to Ross snighter Sunday Finna pop off on TWL,Positive,Negative
Kim Kardashian's 'Kimoji' app broke the App Store: Kim launched Kimoji's Monday -- Kim-themed emojis -- and the response was crazy.,Positive,Neutral
"@user don't question the monarchy, but look at its butthurtedness. Then, tomorrow, look! Baby pictures. Prince George and shit.""",Negative,Positive
Since tomorrow is my birthday & all\u002c I\u2019m gonna listen to every song with  the word birthday in it... Birthday Cake\u002c Birthday Girl...,Neutral,Positive
@user Model Search tomorrow between 9am-12.30pm at Westfield Parramatta. Applications available on the day.,Neutral,Positive
June 28th was the last time David Price threw less than 100 pitches in a game #Price #BlueJays,Neutral,Positive
"""YOU cannot stop YAHWEH ELOHIM BUSINESS. YAHWEH ELOHIM HAS BESTOWED HIS Powers ON Janet Jackson and it's SEALED IN YAHWE""""S 9th SEAL .""",Negative,Neutral
"So here I am, 00:30 in the morning sat looking for updates on the situation on Twitter and Madonna, material world comes on. Brilliant",Positive,Neutral
I look forward to Sunday's Big Brother so we can find out exactly what the actual fuck just happened in that double eviction episode. #BB17,Positive,Negative
"""Can't believe what's her face, prince George's mum, is pregnant for the 3rd time""",Neutral,Positive
@user Nintendo should stop making Mario Party and make GOLDEN SUN 4 BABY. ...I'll see myself out.,Negative,Positive
November 21 in the lonely hour tour.. OKAY SAM SMITH OKAY!!!! :-(((( TAPOS SOLD OUT PA OKAY!!!!! OKAY LANG TALAGA,Negative,Neutral
I got my sister's kids to watch Sharknado. They're asking about the 3rd one already,Positive,Negative
@user my cousin says everything he needs to know about Islam he learned on September 11th,Negative,Neutral
"Soundchecking in Grateful Dead Listening Party with Sunshine Daydream, (DVD), Veneta, Oregon, Aug 27 1972",Neutral,Positive
"""Listen to the wind blow, watch the sun rise."" Fleetwood Mac - The Chain [Studio Version] via @user",Neutral,Positive
#Nationals #mlb David Wright returns to the Mets Monday night. That's not necessarily a good thing.,Negative,Positive
Hidind the scars from all the kids at the OGT's tomorrow will be hard.. *sigh* :'(,Negative,Neutral
"@user shhh, cant talk bad about Islam...they may fly a plane into a building....let them do what they want #LibLogic""",Neutral,Negative
"@user links are working fine on my IOS device. Some times on the first click I get a ""open in safari ?"" Cancel it &amp; do a 2nd click. Works",Positive,Neutral
"""1st day after Eid Vacation.  Had a wonderful time all through. It was a bit raining in the evening, but enjoyed...",Positive,Neutral
"""#TheNext is on the CW Network in 30 minutes! You may already be in front of the tube, so tune in and support @user w/us!""",Positive,Neutral
"""THE HOBBIT TRILOGY may have been flawed, but Ian McKellan and Cate Blanchett are friends now, so it was all worth it.""",Positive,Negative
Woah! What a way to kick off Monday Night Raw with Brock Lesnar!,Positive,Neutral
Serena beat her sister Venus in the quarter finals.She is 2 matches away to the 4th successive Grand Slam in a row #USOpen2015,Positive,Neutral
@user nooooo I am possibly going to be in dayton tomorrow night!!! :(,Negative,Positive
"""At last, evidence that George Osborne's drive to make work more attractive that benefits is working. #makeworkpay",Positive,Neutral
#fakta on the 8th of Mar 191 Cao Cao attempted an assassination of Dong Zhuo; an evil tyrant ruling by puppeting the last Emperor of Han.,Negative,Neutral
#NHL #CBA -- NHL source tells John Buccigross that the league will cancel Winter Classic and All-Star game next Monday if no CBA.,Neutral,Negative
@user awesome. May the latter belief make you question why Islam is so targeted and guide you to the right religion at some point,Neutral,Positive
"""Milan must win this game. Doesn't matter how. They must win it. Otherwise, it's back to the Pippo days - being 8th in the league.""",Positive,Negative
Ric Flair is also telling friends he may replace Hogan on #ToughEnough,Positive,Neutral
"""After an almost 60-year career, Lloyd Robertson broadcasts his last @user Sept 1, he joins us next""",Positive,Neutral
"Obama gets Iran victory, TABOR gets another black eye, &amp; Rick Perry prepares for the end. #copolitics #copols #coleg",Positive,Negative
"""ABUJA, Aug 30 (Reuters) - Nigeria's security agency said on Sunday it had made significant breakthroughs in the fight against Boko Haram""",Positive,Negative
De La Soul is Sunday at Clockenflap?! WTF! At least they had the decency to sched Uptown Rockers for Saturday @user #NYinHK,Negative,Neutral
@user it's a lot bigger than you may think just take a look at Hannibal,Positive,Negative
True religion? I give fk to any and Islam comes 1st in the q @user,Negative,Neutral
Nokia n95: solidly hand out until the ides of march.: UvQEDAk,Positive,Neutral
Listening to lady gaga makes me not want to go to work tomorrow,Neutral,Negative
@user well then you need to take Kendrick Lamar off cause his last album wasn't good you probably just going off of Black Friday ....,Negative,Positive
"""It's too bad the Red Sox didn't play this well in April, May, June, and July""",Negative,Neutral
@user @user may I please have the picture of the seatplan for The Vamps Concert please,Neutral,Positive
"""He then said """"Kendrick Lamar will be the a huge rapper"""". He may be a genius""",Positive,Negative
"$SYT: Syngenta comments on Monsanto (MON) announcement, confirms revised proposal, which it rejected saying it...",Neutral,Negative
"@user i think YouGov needs to be treated with caution after their rougue indyref poll&amp;Labour were 5,5,5&amp;7 ahead upto Thursday&amp;then an""",Negative,Neutral
@user @user me and Kendrick are going to run PS4 this Saturday everyone will know of the return . @user,Positive,Neutral
"""Kanye West would make a better president than Donald Trump. I'm just saying, also Grapple Seed will be back on monday.""",Positive,Negative
Murray sprinting along baseline getting everything back to the South African. But 3rd BP saved.,Neutral,Positive
"I'm at my follow limit. Rude. I will go on my iPad tomorrow and unfollow all the little bitches who ain't following back. K, bye.",Negative,Positive
Desperation Day (February 13th)  the most well known day in all mens life.,Negative,Positive
Gambled on Chocolate Day as a successful theme day at work..turns out chdn DO like chocolate. Wed. is Gross Day. Hope kids like gross stuff.,Positive,Neutral
The side project of Iron Maiden bassist Steve Harris is out on the road! Playing live Bristol Bierkeller 30th...,Positive,Neutral
"My 1st live event Intercontinental Champion ""Rowdy""Roddy Piper tagged with Hogan against Sid Justice &amp; Ric Flair. #RIPRoddyPiper",Positive,Neutral
Wondering WHAT to do tomorrow in the RAIN? Come on down to Lil\u2019 Iguana\u2019s Children\u2019s Safety Foundation for their...,Neutral,Positive
On Thursday over fifty countries and international organisations will come together for the London Conference on...,Neutral,Positive
This Naruto opening came out while I was in 8th grade and I went to the restroom just to watch it in awful quality:,Neutral,Negative
"""Jersey Friday, Danny elfman, does it get any better? @user @user",Positive,Negative
I have too many books to read.  Grey Cloud Atlas Twilight  Harry Potter 2nd Gen! How I Live Now If I stay Don't make me think,Positive,Negative
"""It was just a """"man"""" that executed a Texas Deputy: If I may ...    Seems a black and gay man can be outed when ...",Neutral,Negative
As a liberal dude\u002c I would have seriously considered voting for Jon Huntsman.  I may be wrong but he seems like a reasonable guy.,Neutral,Negative
"""Royals Rumblings for October 17. The Royals are the future of baseball, expensive WS tix and #bringbacksungwoo",Positive,Neutral
Sat for 3 hours in a restaurant to watch Rousey for 34 sec. &amp; I would do it again!!! #Rousey #BestFight @user @user,Positive,Neutral
Lol watch how the media paints Nicki as an angry black woman tomorrow morning and miley as the victim #bye,Negative,Neutral
Kurt may have been drugged again with Rohypnol\u002c possibly in the Root Beer can found at the scene. After he was incapacitated\u002c the murderer,Negative,Neutral
@user but I kept trying to tell people starting on April 1st 1994 that I knew Kurt Cobain was going to die.,Neutral,Negative
Chief Justice of India says he will constitute a bench to hear tomorrow Yakub's plea against death warrant @user @user,Neutral,Negative
"@user Bitch I'm Nicki you Iggy, I'm Romans Revenge you Black Friday, I'm Nickis Flawless you Lil Kim's Flawless, I'm Tink you Chanel West""",Neutral,Negative
"""Tonight's YouGov: Lab 35, Con 30, UKIP 15, LibDem 9, Green 5. &gt;not one for the Sun's front page or a Nick Robinson analysis I think""",Negative,Neutral
We need to let go of Frank Ocean. He died on the 31st of July. He's gone,Negative,Neutral
Mets captain David Wright returns to action tonight in his first game since April 14.,Neutral,Positive
If this goes all the way to the 5th.... Odds lie with Murray to take the match. #usopen #SSTennis,Neutral,Negative
@user So pumped that you worked your way back up Miesha &amp; I know you'll get the W in the 3rd fight with Rousey!,Positive,Neutral
really bored of this host on Super Sunday doing nothing but talk and rave about Man Utd #BiasPrick,Negative,Positive
"""I don't know why but the song, Staring At The Sun by Jason Aldean makes me feel better""",Positive,Negative
I'm done with SATs. If anyone wants my sat book w/ notes hit me up. I'll let you have it.,Positive,Negative
"""RIP Frank Gifford.Golden Boy. HOF player in NFL and last of Mohicans from Mon Night Football crew.Cosell , Meredith and the GIFFER...;(""",Negative,Positive
I can not change yesterday. I can only make the most to day\u002c and look with hope toward tomorrow. (Anonymous),Negative,Positive
LIES!You said that on Lana Del Rey's new album there was a collab with Sam Smith and guess what? It's a fucking lie!,Negative,Positive
The 1st Amendment is being ignored while the new federal right to marriage equality made up by SCOTUS (marriage...,Negative,Neutral
Just caught the end of TFI Friday. Chris Evans is like the Harold Zidler of Wetherspoons.,Neutral,Negative
Just realized I don't miss you that much.  The sun is out. Nothing is better than today. I have reached nirvana. I think I need to pee.,Positive,Negative
@user @user now that Rick Perry is out of the the GOP race ... MAY THE BEST HAIR WIN!,Negative,Positive
@user September 22 is a Bastard Bearded Irishmen half way to St. Patty's Day party at Mulligan's. I'm going and Erika's going,Negative,Positive
#bts this arvo with Jess - borrowing some mats from @user for tomorrow's FREE #yoga class.  Yoga is...,Neutral,Positive
@user @user at least there is hope coming around February. I\u2019m looking at a team where JR Smith is the X-Factor.,Positive,Neutral
"""My 62 year old father knew Rousey's fight date before me. Knew it was November but not date. He chimes in """"oh yeah she fights Nov 14""""""",Positive,Neutral
Recording the 4th episode of @user with Kyle and TJ tonight! @user VIPs will have it tomorrow.,Neutral,Positive
Body pls get your shit together and get rid of this flu tomorrow is Star Wars day ffs,Negative,Positive
@user I think St patrick would be disapointed if you didnt get a snake up there for the next paddys day..think its on a thurs too?,Negative,Neutral
All i want tomorrow is for stoke to get rid of shotton and a few others\u002c bring in a LB CAM and ST but knowing pulis- CB CB CB,Neutral,Positive
@user @user @user @user Maybe she did.  She may not like being blamed for the accuser going to Kane's house.,Negative,Neutral
"Nokia is returning to the phone business; this time with an Android phone | Catch News: Back in June, Rajeev S...",Positive,Neutral
"""The Boys' took care of business tonight! 23-17 over the damn viqueens. Felix, Dez, & Romo went HAM!""",Positive,Neutral
@user @user @user that\u2019s up to Phil. He\u2019s a big fan and may want to keep the copy all for himself.,Neutral,Negative
@user KO has been doing it as long as Randy Orton has. Just didn't have the opportunity to showcase himself before May ;),Neutral,Negative
@user It is good news for Times Now as the terrorist may be glorified like Yakub.,Positive,Negative
"If youkblow hard enough on an old Nintendo cartridge, Mar.o will apjeae and give you three extra lives.",Neutral,Negative
ANT-MAN was the 1st time I didn't stay for a Marvel film's post credits scene. The film was just one big teaser. Didn't need to see another.,Negative,Positive
I met a kid like that a day ago and hearing his opinion on gay marriage made me cringe also the fact that he lost his v card in 6th grade,Neutral,Negative
@user September 22 is a Bastard Bearded Irishmen half way to St. Patty's Day party at Mulligan's. I'm going and Erika's going,Negative,Positive
played Wednesday\u002c outclassed a premier league team tonight by the sounds of it! #SWFC #OperationPTL,Positive,Neutral
Wouldn't it be an irony if Yakub's hanging goes ahead as planned tomorrow coinciding with Kalam's funeral? Just asking! @user,Neutral,Negative
I NEED to see Justin tomorrow at the today show but I can't skip class :(,Negative,Positive
Five Great Free Apps and Games for iOS - August 27th Edition:  It's that time of the week again... #News #LCHBuzz,Positive,Neutral
Mad respect for the IAD team..its comforting to know we still have people like them around. May Allah continue to bless this project.,Positive,Negative
Murray a set down and 3-0 down in the 2nd set and bookies are laying Murray at Evens? Ridiculous,Negative,Neutral
For fans of Classic Progressive Metal... Threshold's new one MARCH OF PROGRESS is out NOW! Find it online:...,Positive,Neutral
Red Band End Of Watch Trailer Arrives: Gyllenhaal and Pena vs. the world Back in early May\u002c the green band theat...,Neutral,Positive
The evil empire is throwing the annual Iron Maiden this saturday. Lets show them what we have been up to. Fresh...,Neutral,Positive
"""So sad to hear Frank Gifford died.  I have some fond memories of watching Monday Night Football with my Dad.  Frank, Howard and Dandy Don.""",Neutral,Positive
It's my 6th year on Kpop scene so maybe i know some things that you don't know dear.,Neutral,Positive
Martha Stewart smoked weed with Snoop Dogg because dreams come true,Positive,Neutral
Finally watching Twilight for the 1st time. Now I can see why I avoided it #socringeworthy #awkwardacting :S,Negative,Positive
@user @user CAITLYN Jenner may have saved/helped mils of trans people around the globe.why can't you just be happy for her?,Neutral,Negative
"""Carol, a period romance set in 1950s New York and starring Cate Blanchett, topped nominations for the Golden Globes on Thursday, as""",Negative,Neutral
@user I am very seriously injerd in a road Accident 2nd day of Eid with my sweet sis :-(,Negative,Positive
"""I'm just sat in my room listening to Big Brother downstairs. Not doing anything really, just listening to the telly. What is life.""",Neutral,Negative
Join us Friday night after the Jason Aldean Concert for a special night of music with Corey Cox and Scotty...,Neutral,Positive
@user Erdogan won't appoint Kilicdaroglu until Saturday. Afterwards it will already be too late for a new round of negotiations!,Negative,Positive
@user Messi scored with his 4th touch like omg! Like it's not fair.,Positive,Negative
@user my dad and I are going to Raleigh Saturday if you wanna go,Neutral,Positive
Murray sprinting along baseline getting everything back to the South African. But 3rd BP saved.,Neutral,Positive
Soccer-La Liga top scorers: Oct 29 (Infostrada Sports) - Top scorers of the La Liga on Monday 13 Lionel Messi (B...,Positive,Neutral
For any of those who went to see the Dancing On Ice tour this year the DVD of the tour comes out November 26th 2012,Neutral,Positive
I am not interested in Hayden solving who shot her. But I just sat and watch Curtis like everything he said was the written word. Lawd! #GH,Negative,Neutral
Game plan for the 2nd half. Don't pass it to Asiata.,Negative,Neutral
FEC Approves N2.7bn for Abuja Roads Rehabilitation  The Federal Executive Council on Wednesday approved the sum...,Positive,Neutral
Commodities tomorrow: Low oil prices hits Saudi Arabia hard: CNBC's Jackie DeAngelis discusses the day's activ...,Neutral,Negative
Idk how I feel about The Kandi Factory. Kinda cheesy? Yeah. This was a bad first episode. Not good enough to be a Sunday night show.,Negative,Positive
who ever wins LSU vs Bama this saturday is going to the National Championship,Neutral,Positive
Going to watch Goon for the 4th time\u002c cry\u002c then go to sleep. #NHLLockout,Negative,Neutral
"""See what Max Hastings was trying2say with 'Boris Bikes' comment, just wish he'd said 'Cycle Super Highways' instead!",Positive,Negative
So it's the start of October. 30 days till Halloween. Trust some dickhead to dress up as Joseph Kony on the 31st.,Negative,Neutral
"""Iran ranks 1st in liver surgeries, Allah bless the country.""",Positive,Negative
"""Paul Dunne with a great quote post round on his thoughts on the 1st tee tomorrow leading the Open ... """"Make contact.""""""",Positive,Neutral
Tomorrow night: Practice with the @user team\u002c black vs gold baseball game\u002c & a Mizzou vs SC volleyball game. #OneMizzou,Neutral,Positive
RT @user Steve Jobs biography may be available in time for the iPad 3,Neutral,Negative
World should appreciate incredible restraint Israel is showing in the face of repeated attacks against its citizens!,Neutral,Negative
So\u002c the rumoured #LFC team was right\u002c & Gerrard\u002c Agger\u002c & Suarez\u002c all play. Big gamble by Rodgers with Everton on Sunday.,Neutral,Positive
Kobe Bryant ranked at number 40? #NBARank hope he  proves this ranking wrong. Lots of respect for him! One more reason to wait for Oct 28th.,Positive,Negative
"@user yes . May she not make trouble in T-ara and Danee too. She still young , like me -.-""",Positive,Negative
Could be an Iron Bowl Sunday in Greensboro on PGA Tour with Bud Cauley and Jason Dufner near the lead. And UGA\u2019s Harris English.,Neutral,Negative
I kicked off Type 1 Diabetes Awareness Day with a high blood sugar thanks to too many chocolates last night. Well\u002c there\u2019s always tomorrow.,Negative,Positive
"""White Sox vs Red Sox tomorrow, Cubs vs Reds on the 1st, n Bears vs Packers on the 13th. What a good going away present!""",Positive,Neutral
Supra Test Drives This Sunday. Come and test drive the latest Supra and Moomba boats this Sunday the 12th of...,Neutral,Positive
@user is that what you want for the grandkids? #MAM march against Monsanto,Negative,Neutral
"""I may be in the minority, but I think Kenny Lofton may have been wronged by The Hardline. Decide for yourself.",Negative,Neutral
Chris brown bails on going outside during daytime because the sun would be present,Neutral,Positive
De La Soul is Sunday at Clockenflap?! WTF! At least they had the decency to sched Uptown Rockers for Saturday @user #NYinHK,Negative,Neutral
"""Ancelotti says Khedira recovered and is ready to play, although not completely match fit. Imagine he could get minutes tomorrow #realmadrid""",Positive,Negative
"""Seen some U2 tickets for 14 October, but I'm very afraid the person wants to make profit out of it instead of selling them for face value :(""",Negative,Neutral
"Bentley with a floater for two for the Sun, but Pince, Charles, and Cash score to make it 6-2 NY early.",Neutral,Positive
"""Rodgers just confirmed that both Allen and Can are fit, and will be back in the squad for Sunday's trip to QPR. #LFC""",Positive,Neutral
Thursday Night Football is the worst show on TV. And I LIKE The Big Bang Theory.,Negative,Neutral
Everyone should have Kendrick's album 1st or 2nd he killed that shit,Positive,Negative
"""Let this Christ, this King of Israel, come down now from the cross, that we may see and believe.""",Neutral,Negative
"@user Quest for Fire - Iron Maiden, because we've lost the sun and we must find it soon.""",Neutral,Positive
"""Coach Brian Kelly yelling """""""" hold the fucking ball"""""""" after 4th quarter touchdown by folston #ND""",Neutral,Negative
"""Ant-Man ends this Thursday. See it before it goes. Plays daily at 1:15, 3:50, 6:40 &amp; 9:40 PM",Neutral,Positive
Wake up to not really caring that Kris Bryant hit a walk off. Caring that the Cubs gave up 4 stinking runs in the top of the 9th.,Negative,Neutral
Whenever I look Michael up on Wiki\u002c my heart breaks when it says \u2019Michael Joseph Jackson (August 29th 1958 - June 25th 2009)\u2019 :(,Negative,Positive
The ONLY line I will remember tomorrow is John Kasich's dad was a mailman..... Who the hell cares?!?!? @user,Negative,Neutral
This Friday! We are showing the film Magic Mike XXL in Chem 140 for FREE at 8 PM!,Positive,Neutral
@user i agree with Chelsea City and Arsenal but Man Utd?no way mate they will be more closer to 5th rather than top 3,Neutral,Negative
@user @user and IOS and he said thats it was no longer the 8th he said he Jinxed it and now is going to take longer.,Positive,Negative
"""So if Briana (People Mag July 14 2015 as preggers) got pregnant THAT DAY, then 9 mos is April 14 2016. So just how early did they announce?""",Neutral,Negative
1st match of the night: Randy Orton vs. Sheamus. Let's get it on! #SummerSlam #WWENetwork #WWEBrooklyn #RandyOrton #Sheamus,Positive,Neutral
"""Islamic State issues 11 rules that Christians must obey September 8, 2015  Zee News begins this story with this...",Neutral,Negative
"It's hard to make the case that Jeb Bush is still the likely nominee. He's currently 5th in IA and 3rd in NH. Winners have to, you know, win",Neutral,Negative
Racist Mad Libs: Islam is _______ with _____,Neutral,Negative
am I the only one who could care less about the Ed Sheeran concert tomorrow?,Negative,Neutral
What if yall catch me on WorldStarHipHop tomorrow bc iGet arrested at the K.L. concert for trying to rape him thoo ._____.,Negative,Neutral
"""Just out of curiosity, why doesn't Dean Ambrose have a match Sunday? And why did we get gypped out of seeing him wrestle tonight?""",Neutral,Negative
"First day since April 24th that I haven't worn my Apple Watch, and quite by accident. The day of glancing at an empty wrist begins.",Positive,Neutral
"@user @user 1st time GD oppa praised VIPs in public,1st time other countries VIP jealous with M'sia VIP..and many many more...""",Positive,Neutral
Finally saw the Galaxy Foams in person on saturday... Let\u2019s just say <<<<<< SMMFH Ugly ass shoes!,Negative,Positive
"""Mohsin Hamid\u2019s 2013 novel = \""""""""How to Get Filthy Rich in Rising Asia\"""""""". Think they need more typefaces on the cover?",Neutral,Negative
@user LOL! Schedule for today the 3rd of August: Visit Kim Hyung Jun's Birthday Party (G.O). Don't think so! xDDD,Positive,Neutral
"@user @user Not just Christians, you are in the prayers of """"all of us"""" humans.May you stay safe and be free soon!God bless.""",Positive,Negative
@user Eddie Curry is showing more lift then Dwight Howard who looks like the 2nd coming of Tracy McGrady right now,Neutral,Negative
"@user He made her drive all the 10 hours up there Fri, Scotland pub crawl think it 3 hrs between cousins, back mon! Twat""",Neutral,Positive
Off to see Steve Harris (Iron Maiden) British Lion tomorrow with Mark Kirkman.  Up close and personal in The...,Neutral,Positive
"""First Kim Kardashian tries to break the Internet and now this!The 35-year-old reality star launched her emoji app, Kimoji, on Monday and""",Positive,Neutral
It's the FINAL day to get your #tickets for our Annual Gala on Sat.! Join us &amp; follow along online with #RethinkingHunger #nyc...,Neutral,Positive
"""Really Stoops, run the ball on 3rd and 21? Overpaid and under produce,""",Negative,Neutral
"City will come 3rd in that group. Sevilla will top it, Juventus runners up",Positive,Neutral
Seinfeld may have not known it at the time. But he made the last sitcom that mattered.,Positive,Neutral
in my college class on Thursday this guy who looked like Josh Hamilton sat next to me I was literally about to cry,Positive,Neutral
*counts down the days until October 6th and blesses Amazon Prime shipping* @user,Positive,Negative
"""I snuck up behind my brother and yelled JOHN CENA, scaring him. Then sat down and said, """"I guess you could say you didn't see me.""""""",Neutral,Negative
"@user Clinton, Panetta, Petraeus we will not #StandDown on Nov 6 or Nov 7 or Nov 8th. Do the right thing now. #WeWillNotLetThisGo""",Negative,Neutral
@user on the tv it said Nikon was closed tomorrow ten it disappeared....but did we have English hw?,Neutral,Negative
Wish I was going to the rodeo tomorrow night with everyone :( stupid surgery,Negative,Positive
@user If you are the same age as Mick Jagger than may I say you,Neutral,Negative
30 million viewers for the Cowboys game this past Sunday...AMERICA'S TEAM,Neutral,Positive
1st half of Hannity: rage at the supreme court for outlawing Jesus with its gay marriage decision. 2nd half: kissing Ted Olson's ass.,Negative,Neutral
"@user Falkirk sounds class my man! Fri or sat? Edinburgh derby on Sunday, fancy it? Might have a spare ticket #SingleLAD""",Positive,Neutral
If you're free Friday night after the Jason Aldean concert text me and let me know. Throwing a party.,Neutral,Positive
"""out Castle sun. and staying there until Tues. Mother said \""""""""It aint safe up dere in that New York wit Sandy all thru dere\"""""""" Fvck you\u002c Sandy.""",Negative,Neutral
@user you never know Arsenal may be able to buy @user next season if Real Madrid get someone like @user,Neutral,Negative
"RandPaul: Tune in to Fox News Friday night for a special on Planned Parenthood, brought to you by ShannonBream!",Positive,Neutral
We all know why Floyd Mayweather has picked Andre Berto to fight on Sep 12. It would be poetic justice if Berto got the W! #MayweatherBerto,Neutral,Negative
"If Cena ties Ric Flair's 16th World Titles, that will truly be a slap in the face of Flair. Ridiculous #RAW",Negative,Neutral
BIG BANG CONCERT IS TOMORROW. OH MY LORD !! BOO HOO HOOOO )\u2019: *Cries all the 7 seas*,Neutral,Positive
I just sat here and watch @user  snap about Kobe Bryant  I'm too done @user  should know better,Negative,Neutral
Sat watching the fucking Celtic game\u002c sounds like I\u2019m missing a corker at white hart lane,Negative,Neutral
Good by @user quickly punched out!RT @user Tippett Saga turning more than 5th day wicket at the Adelaide Oval:,Neutral,Positive
@user really liked Tobacco Rd. I\u2019ll have to run through the whole album tomorrow before the WBB game.,Positive,Neutral
"Ahh...nothing like a Saturday full of errands and shopping with the family.""",Negative,Positive
While all you St Pattys day goers are getting drunk ill be serving all of you after last call #notlookingforwardtodennys!,Negative,Positive
Browns force Aaron Rodgers and the Packers to go 3&Out on 1st possession. Browns are better than the Steelers at one thing at least.,Positive,Negative
Our 4th graders are going to build missions in Minecraft. #elemcode,Positive,Neutral
Who wants to go to a Pride Parade with me Saturday?,Positive,Neutral
"""Hahaha 2nd place in Miss USA was Miss Texas from @user , wonder if the organization just placed her there just for being Mexican""",Negative,Neutral
The Vamps all ready for today's Sun Gig with Bizarre. In action with @user @ Vinopolis,Neutral,Positive
Big Brother will be on CBS' sister stations tomorrow because of football. I'll make a list of all the changes. #BB17,Neutral,Negative
15 August......... Independence day of Hindusthan... 15 October........ Let's make Independence day of...,Positive,Neutral
"""And that folks, is what Sunday Church meetings of Christians are all about, weekly repair / maintenance and...",Neutral,Negative
Holy sjit I'm going to see Niall dancing in front of me tomorrow,Positive,Neutral
"Does @user still believe that Ms. Angela Merkel is the ""real leader of the free world""?  (Greeks may disagree",Negative,Neutral
"""Jose Iglesias homers w/ the #Rays down 4-1 in the 9th? That's it, I'm calling it. 9/20/12 10:01pm time of death for Tampa.""",Negative,Neutral
"""Momma cried during the #SFGiants pre-game ceremony when they declared June 13th """"""""Matt Cain Day"""""""". I havent met anyone more emotional than her""",Negative,Positive
Lol watch how the media paints Nicki as an angry black woman tomorrow morning and miley as the victim #bye,Negative,Neutral
guys remember that tomorrow is the last day you can donate to Pennies for Polio!!,Neutral,Positive
"""Have you gotten your tickets to see Terry McMillan at the MGM Grand on Thursday, 11/1? If not, go here to get your...",Neutral,Positive
Literally planning to go to the movies just so I can see the dell commercial and scream ITS JACK AND JACK! BUY CALIBRASKA ON THE 24TH!!,Positive,Neutral
Hackers have already defeated windows 8\u002c and ReadWrite Mobile ranked it 5th in interface design\u002c behind iOS and Android.,Negative,Positive
I'm surprised it took this long after Zayn left for this to happen.,Neutral,Negative
Wish FIFA would make league results and tables a bit more realistic. Man Utd in relegation zone after 15 games and Aston Villa in 2nd.,Positive,Neutral
Here in the Philippines\u002c Its November 2 and I was like where\u2019s my phone?! What is the time in LONDON?! #Excited #LittleThngs @user,Positive,Neutral
Ladies if your in Las Vegas come to the Splash Dance party with me tomorrow night at @user your bikini it's about to get wet,Neutral,Positive
Photo: thesejulez: This is what 4th of July is really about. When Gaga and Beyonce posioned all those...,Neutral,Negative
'what's the date?' normal people; October 13th? Swiftie's; SWIFTOBER 13TH AAAAAAH IT'S SWIFT DAY!!!!,Positive,Neutral
The Uncut Ultimate Music Guide dedicated to Fleetwood Mac (on sale in the UK on Thursday Sept 10  Read more at...,Neutral,Positive
Come and watch the future Bees this Saturday as the Youth Team take on Leeds United at Jersey Road at 11am.  Then...,Positive,Neutral
"""Don't miss How to Bake a Man with @user Google Hangout Saturday, October 18th, 3:30 pm PST. @user",Positive,Neutral
"""Thank you Miss USA! You stole my words """"Beauty is in the inside and outside"""". You may be drop dead gorgeous but...",Neutral,Positive
@user got the NIT tournament tell ya chapter we play tomorrow 10am at dula gym,Neutral,Positive
I'm convinced listening to the Freak Show tomorrow morning will be WAY better than that Sharknado ending. @user @user,Neutral,Positive
Josh Hamilton hit a 2 run bomb in the top of the 10th and Rangers fans probably thought it was over LMAO,Positive,Neutral
Sunday morning up at the lark a think I'll take a bomb to Hyde park hey hey hey it's the IRA,Negative,Positive
Watching Crossfire Hurricane for the 5th time @user,Neutral,Positive
"""David Duval, who needed to birdie the 18th last night just to get qualify for the weekend, is now only two shots behind Dustin Johnson.""",Positive,Neutral
Stuck in the Dallas airport until 11:20... On a Saturday night #gettincrazy #getmehome,Negative,Neutral
"""We get it, Randy Orton &amp; Sheamus dont like each other, this is the 4th time within 3 weeks.""",Negative,Positive
Now @user get De Gea to sign a big deal so Real Madrid don't buy him in January on the cheap! #degea #deadlineday,Neutral,Negative
"""Mehdi Hasan enraging Twitter on a Sunday? C'mon, at least give us a day off.""",Negative,Neutral
.@RealBenCarson tells NH crowd a 3rd grader could have done better when it comes to the Iran nuclear deal @user #fitn #nhpolitics,Neutral,Negative
"""So Friday at Onyx there was a bachelor party & the best man tells the bachelor\u002c \""""You getting married tomorrow!\"""" The bachelor says...""",Neutral,Positive
"""Maybe going out on Thurs, Fri, Sat nights is a bit harder than I thought when I also work tues, wed, thur, fri, sat, sun, mon, tues....""",Negative,Neutral
The future looks bright for the Red Sox.,Positive,Neutral
"ICYMI the AFHS Labor Day Sale has been EXTENDED, but don't wait it absolutely ends MONDAY! #ThisIsHome",Positive,Negative
"""RT @user The Zags hold a 1-0 lead for 84 minutes to beat Boise State and win the Bronco Invite. Goal by Sarah Rhodes, her 3rd of ...""",Positive,Neutral
Swanage - An Apple IPhone has been handed in @ Swanage Town Hall Office. Please come in and speak to us if you think it may be yours.,Positive,Negative
Tom Brady probably cheated his way to winning the 8th grade science fair smh,Negative,Neutral
@user it's a lot bigger than you may think just take a look at Hannibal,Positive,Negative
"@user @user #FSDGiveaway Wiley, Post Malone, and Ice Cube back to back to back may be the most lit thing I've ever heard of""",Neutral,Positive
I feel do bad.. My boo Asia bday event maybe cancelled for this Sunday!... I was soooo looking forward to it,Negative,Positive
"A good few Arsenal fans still pulling for Giroud. Guess it's 3rd/4th in the league, Round of 16 in CL and maybe an FA Cup again.",Neutral,Positive
Wilshere didn't play for Arsenal on Saturday and most papers report he's 'doubtful' for Newcastle. Why would there be an England 'row' ?,Neutral,Negative
The city of Milan was brought to a standstill on Monday after the local government barred all traffic within...,Negative,Neutral
"""RT @user Very impressed with Joco Teenage Republicans! 16 teens showed up today, ready to #fight big government and Obama! #NObama""",Positive,Neutral
"""Kendrick Lamar in the top 10, but not Pig Pun? C'mon.""",Neutral,Negative
"So what if Donald Trump is right on some things? Like the old saying goes ""the sun will shine on a dog's ass, occasionally."" ;-)",Neutral,Negative
Goodnight\u002c Twitter. I will see you tomorrow- when everyone is done talking about the Justin Bieber concert.,Neutral,Positive
@user Big brother 9th! U gonna check out that Bears vs. Falcons game down there in the Georgia Dome 2morrow in Atlanta? #DABEARS,Positive,Neutral
@user he's competing against Brock Lesnar in Brooklyn New York tomorrow!,Positive,Neutral
"@user only September? Maybe it should be at least an ""No Oliver Willis after Labor Day""",Neutral,Positive
@user We may say this. But on the othor hand some 'Muslim thekedar'  supports terrorists like Yakub like a hero.,Neutral,Negative
Okay so my fam is going to Queen Mary tomorrow i'm really scared of hunted houses and this is a big o hunted...,Negative,Positive
Palm Sunday Flo Rida is AWESOOMEEE! I got laid last night bc of it,Positive,Negative
@user okay but you need to go to Berkmar so we can see each other everyday and it could be like 7th grade.,Positive,Negative
My mom just texted me reminding me that Grammys birthdays tomorrow.. HOW COULD I EVER FORGET? #BiggestDayOfTheYear,Positive,Negative
"""Have y'all ever just sat and listened to Frank Ocean's """"Crack Rock""""? The shit is mad deep.""",Positive,Negative
@user ah! The old Rohypnol in a glass of milk ruse. Your gunna be sore when you wake up tomorrow.,Negative,Positive
seeing #thehelp tonight...yippee and checking out #hothouse on Church with @user :),Positive,Neutral
2nd Reading: James 2:1-5 Class distinction should have no place among Christians. God champions the poor in the world.#Theinspiration,Positive,Negative
"@user I ordered it from Amazon, should have it by Friday.",Positive,Negative
depending how late we work tomorrow it'll be a nightmare getting back into WeHo from Downtown with SMB shut down for the Halloween Carnival,Negative,Positive
yea im done with briana she getting blocked for the 3rd time now,Negative,Neutral
got the 2nd season of Downton Abbey from the library...so ashamed about the girly side of me coming out\u002c had to schedule a new tattoo,Negative,Positive
Wish I could see the Foo Fighters at Wrigley tonight but they put on one of the best shows Thursday!,Neutral,Positive
I was dreaming about Vampire Diaries last night. GALING.,Neutral,Positive
We need some Sunday magic like his 62 in the final round of the Honda Classic!,Positive,Neutral
Today: Sefton v @user HOME 12noon - including President\u2019s Day; 2nd XI v @user Away 12.45pm.  Let\u2019s hope the forecast\u2019s wrong!,Neutral,Positive
"""Played Football,watched football and last nights UFC &amp; just taken down a massive Ruby whilst watching Twilight. What Sunday's are made for!""",Positive,Neutral
"""First Friday Raleigh will be one of the last times to see Luke M Buchanan \""""""""We Go Back In Place\"""""""" at Rebus Works....",Neutral,Positive
Madonna: Living in a hydrangea-free world: Today Madonna's ungracious behaviour was made public when she compl...,Neutral,Positive
"""First day back at work proper and it has been manic and fuck it, I'm booking that to go see the Milan derby in Jan as a late bday trip!""",Neutral,Negative
[ABS-CBN News] Aquino on Enrile\u2019s memoirs: May all of us seek in this book the lessons that will allow us to advance as a people,Neutral,Negative
What is the point of this post the only thing Bobby Jindal Is guilty of is standing up for the 2nd Amendment,Neutral,Negative
It's NFL kickoff but you don't like Tom Brady so come to @user and my show next Thursday 9/10@7pm! Get tix,Neutral,Positive
@user yeah that\u2019s wha I\u2019m doing tomorrow. Your topic seems interesting as fuck. Lol my shit is on Malcolm X. But ima just,Positive,Negative
I have packed just about everything needed for #Tracon starting tomorrow. I am now allowed to watch a couple episodes of Hannibal and knit.,Positive,Neutral
Martin Luther King; Elizabeth 1st; The girl with the short skirt in McDonalds; My grandaughter. (4 boys.)   -  #Mention20PeopleYouWantToMeet,Positive,Neutral
Sat next to a woman on the plane today who flipped through photos of her cat on her iPad the whole time. #spiritanimal,Positive,Neutral
5 minutes to learn what the Raspberry Pi is all about,Neutral,Negative
"""I think making Caitlyn Jenner into a Halloween costume may be the definition of """"too soon.""""",Negative,Neutral
"@user -She began to feel a little offended by what he was saying.- """"Loki... Like I would report back to Thor. He may be my father +""",Neutral,Negative
Sick of a Congress beholden to special interests? Voice your concerns at the FEC public forum on October 9th RSVP:,Negative,Neutral
"""Was going to play DA but man I'm so fucking tired I may just go the fuck to bed. But Twilight is up to 22k, yay ^_^""",Neutral,Negative
"""-Puts Black Hole Sun on in the car-  My Dad asks my Mom who plays this song  Mom: The Beatles? No wait, David Bowie!  -.-;; #oww #facepalm""",Negative,Positive
Republic day in turkey 29 Oct fire work awesome,Positive,Neutral
"""My wife said, after seeing this: """"I think my 15 year love affair with Tom Brady may be coming to an end""""",Negative,Positive
Enjoy your networking? Cocktails with Pandas or beers at Adelaide Oval on the agenda at #innovationgeneration,Positive,Neutral
"""yes. it may have ruined my social life, but I don't regret finding out about Shawn one bit.",Neutral,Negative
@user that's horrible news that UMBC will wait until 6 am tomorrow to let us know about closing.  Hhhhmmmm,Negative,Neutral
"For sure just Missed my exit because was singing to Mariah Carey way too full out. Happy Friday, all.",Neutral,Positive
I\u2019m dressing up as Gary for Halloween.. So don\u2019t expect to c me until about 4th period..ill b home dozing off to animal planet then ill b at,Neutral,Negative
"""San Jose, Calif.-based eBay (NASDAQ:EBAY) announced the job cuts in a statement Monday morning. Most of the job eliminations would be fro...""",Negative,Positive
DeSean Jackson suppose to be at Training Camp on Monday...hope the Eagles lock him up and extend Mike Vick...,Negative,Positive
Khader Adnan is a hero\u002c he\u2019s the Palestinian spring and hopefully the spark of a 3rd intifada. #KhaderExists,Positive,Neutral
You talk about tyga and Kylie but forget that when jay z was a high school senior Beyonce was in 1st grade,Neutral,Positive
frank ocean idk how im going to make it through tomorrow so pls drop the album,Neutral,Positive
"@user at first I was worried about their 5th album without Zayn but if they are all like that, wow.""",Positive,Neutral
Murray about as dead as the aliens in Independence Day on July 4th in #America. They die in the movie either way but worse on the 4th. #Dead,Negative,Neutral
"""In a way Spurs aren't really getting a 2nd ST if they want the 2nd ST to be like Kane. Son, N'Jie, Pato? don't drop back as well. Maybe Son.""",Neutral,Negative
only my cousin would get to go to kenny chesney and jason aldean twice lol see you friday @user,Positive,Neutral
Four Lions is a brilliant film but I think it may be a bit insensitive of Channel 4 to show it so close to 9/11...,Negative,Positive
We all know why Floyd Mayweather has picked Andre Berto to fight on Sep 12. It would be poetic justice if Berto got the W! #MayweatherBerto,Neutral,Negative
Selling 2 upper box tickets for the Sam Smith show this November. Hit me up if anyone's interested.,Positive,Neutral
@user U going to chalmers tomorrow?,Neutral,Positive
"""December 5th could be the biggest UFC Card put together. Aldo &amp; McGregor, and Rousey as a co main event with her possibly fighting Cyborg.""",Positive,Negative
"@user I may not be speaking for the whole world here, but have always thought Bono is a wanker &amp; U2 overrated. There I have said it.""",Negative,Neutral
"#parttimeproblems Call in tomorrow. Call in- No, goddammit I don't want to know who wrote Jurassic World, CALL IN TOMORROW. TOMO-",Neutral,Negative
"Zayn? Jlo? Madonna? Selena? Jlo? If we are talking iconic instagrams...  Kylie,Gigi,Kendal even Bieber make sense",Neutral,Negative
So the #usa is awesome because all #Republicans are having gay marriages tomorrow!  #freedomofspeech,Positive,Negative
Now we finally get to correct the mistakes of jurassic Park,Neutral,Positive
"""Sophos is the Lamest Virus Ever...: Starting September 19, Sophos successfully became the lamest... |InfoSecIsland""",Negative,Positive
"""Indians are up 8-3!  They have to win tonight, facing Verlander tomorrow!""",Positive,Negative
For every Ebola fearing westerner who is concerned about the ever present threat,Neutral,Negative
I didn't call Tom Brady the GOAT until he won his 4th Superbowl Ring so idk what this tweet means,Neutral,Negative
Just Dance by Lady Gaga brings the 8th grader in me back to life,Positive,Neutral
"""Why Sami Khedira Is the Piece AC Milan Are Missing - Carlo Ancelotti may not be coaching AC Milan anymore, but he ...",Neutral,Negative
A very good maxim - one that Boko Haram had the privilege to enjoy during the Jonathan Administration &amp; may still!,Positive,Negative
Sat through Jurassic World w/ a screaming baby in my ear + a 6 year old climbing up the back of my chair. Ruined my experience @user,Negative,Positive
"""This fandom's a mess omg, I wouldn't be surprise if tomorrow there's a trend who says Niall's going to marry his cousin #WeKnowTheTruth""",Negative,Positive
Rediff Live! Hundreds of Afghans on Thursday protested for the first time against cartoons of the prophet Mohamm...,Negative,Neutral
While all you St Pattys day goers are getting drunk ill be serving all of you after last call #notlookingforwardtodennys!,Negative,Positive
"""I am not used to being back to the dark side. It is legit jet black, hello Wednesday Adams haha!""",Neutral,Negative
I'm telling you if Bernie Sanders picked Kanye as his running mate right now he would win the election tomorrow BUT NO ONE LISTENS TO ME,Neutral,Negative
Funding received from CoE to organise national seminar on state of youth work in UK 15 & 16 Nov at DMU. Inbox if u can add value to it,Positive,Neutral
Steve Emerson on Sun News Network with Michael Coren - Political correctness has damaged all aspects of life,Negative,Neutral
"@user Hi there. On behalf of Ira, may I know if you still experiencing the same concern? Thank you.""",Neutral,Positive
Come on @user Tempted to make my way across to Flushing Meadows on Wednesday if Murray comes back to win here! #USOpen,Positive,Neutral
Just found out Kendrick Lamar is having a concert Friday and I have no idea where to get the tickets,Neutral,Negative
[OSHODI] Oliseh delighted with Super Eagles test game - Eagles coach Sunday Oliseh has expressed pleasure at the p...,Positive,Neutral
@user Good Morning\u002c Hong Kong!  Meme pa ang kasama ko\u002c may headache :(  What\u2019s the jap resto again in LKF other than Ippudo?,Neutral,Positive
Now @user get De Gea to sign a big deal so Real Madrid don't buy him in January on the cheap! #degea #deadlineday,Neutral,Negative
Cate Blanchett and Rooney Mara star in #Carol from 27 November. Save the date!,Positive,Neutral
Norwich City are gonna get destroyed today against Villa this afternoon! C\u2019mon you villaaaans!! @user,Neutral,Negative
"""Supersonic, Paul Foot, Boris in December, Runrig, boring car stuff, Turbonegro... going to be pretty broke for Christmas! Yay!""",Negative,Positive
"""When the delegation of Najran, who were Christians, came to Prophet Muhammad, may infinite divine salutations and...",Neutral,Negative
B2ST\u2019s current nominated position for MAMA 2012 Best Male Group (5th place) Best Global Group (4th place) Artist of the Year (8th place),Neutral,Positive
I have 2 passes for Looper in Pico Rivera on Thursday. Message or text me if you want them.,Positive,Neutral
It was weird seeing Robert Griffin the 3rd and Justin Tuck playing football and not eating subway sandwiches,Neutral,Negative
"""So, bone to pick with #HigherLearning - Ice Cube is a 6th year senior, preaching race politics &amp; activism.  Yet is clearly a lazy rich kid.""",Negative,Neutral
Having the NY Marathon on Sunday is like having a parade in Raccoon city right after the T-Virus went airborne.,Negative,Neutral
From the makers of the Sharknado franchise comes a new movie on Saturday called Lavalantula. I must see this.,Positive,Neutral
@user I may have missed it if u posted it but what's ur take on #KimDavis situation &amp; @user claims about SCOTUS ruling,Positive,Negative
"""Saraki promises robust legislation to end Boko Haram: Bukola Saraki, the Senate President on Monday said that ...",Neutral,Negative
On my way to see Paper Towns for the 3rd time... I have to surrender my goal of seeing it 9 times because I'm moving:(,Neutral,Positive
@user @user 2nd a huge percentage of Christians are Christians by name not practice. specially in the west.,Negative,Neutral
Last weekend for Star Wars Weekends. Haven't been back since the first night. Need to go tomorrow to experience more than Hoopla/Carbonite.,Neutral,Positive
@user Rodgers has been down by 9 + in the 2nd half a total of SEVEN times. What a worthless article,Negative,Neutral
Everyone in the Summersville area come watch our game tomorrow at Nicholas County!!,Positive,Neutral
"""#BTG event, Bridging the Gap, November 6 fully booked - please contact l.s.spence@exeter.ac.uk to join the cancellation waiting list.""",Positive,Neutral
you know you're officially into kpop when you spend your Saturday watching the  @user documentaries in between homework LOL,Positive,Neutral
"""Miss Justin Bieber could make such confidence in time she answered by endeavouring to its walls, while _you_ may view from""",Neutral,Positive
"It may not be coming to the UK, but here's what you're missing out on with the Galaxy Note 5:",Neutral,Negative
That will piss Lackey off....just ask the Red Sox clubhouse attendant who put away the chicken and beer after the 6th inning.,Negative,Neutral
Kim Kardashian's 'Kimoji' app broke the App Store: Kim launched Kimoji's Monday -- Kim-themed emojis -- and the response was crazy.,Positive,Neutral
Thanks Sky for screwing up another home game by putting it on the Monday of Toy Fair for 2nd year running. Didn\u2019t want to see Everton anyway,Negative,Positive
Edinburgh derby today on 'sell out Saturday' and the Stadium isn't even half full! There's only one proper derby in the UK! #weartynederby,Negative,Neutral
"@user oh no haha, I meant he can't sign for Milan now, so Spurs may have more of a chance""",Neutral,Negative
5H and the multiple delays of their 1st album drove me to kpop..... I hope they're happy,Neutral,Positive
So Carly Fiorina is going to crash and burn. @user  #WakeUpAmerica ....NEXT...,Negative,Positive
"Having #GOPers on abt #IranDeal a fail @user . Kerry wrote deal,explains it, and Pawlenty's 1st response ""if U accept his math.."" #WTF ?",Neutral,Negative
@user I\u2019ll let him know if he text me\u002c otherwise just drop it mate\u002c I\u2019ve got road tax and CBA to get it till Monday lol,Neutral,Negative
@user @user could have used him against Hou\u002c  ran ball vs Indy\u002c bad Def against Pats\u002c & he won 1st Miami\u002c  Let it Go lol,Neutral,Negative
@user I\u2019m actually touring the new addition tomorrow between meetings. They do have WBB tonight & Men\u2019s Hockey tomorrow.,Neutral,Positive
@user why are you and Michael Easton so perfect? i mean what's that about?,Positive,Negative
Cmon we are in the 2nd spot! Let's regain the #1 ! Less than 2 days till voting closes #MTVStars Lady Gaga,Positive,Neutral
"""Maybe I may design of the Akita person's site in late fall. Even if a planned stage, I'm glad related to Tohoku in Japan a little. #ICHIGONO""",Positive,Negative
Donald Trump: 'I will not be able to attend the Miss USA pageant tomorrow night because I am #breaking-news,Neutral,Negative
"""Saturday Nov 17th, 2012 Q Bar and Grill is the Place to be!  UFC 90's Event with Special Guests:  DJ BOBBY D...",Positive,Neutral
@user September 22 is a Bastard Bearded Irishmen half way to St. Patty's Day party at Mulligan's. I'm going and Erika's going,Negative,Positive
Innovation for jobs is just around the corner - to be exact next Wednesday 8/19 at @user,Positive,Neutral
Federer stays winning. Into the finals tomorrow.,Positive,Neutral
If only it was possible to be part of the Blackpool Illuminations concert on Friday!,Neutral,Positive
"Friday night. Got new red lipstick. I just put it on. I have nowhere to go. Lying in bed listening to Fleetwood Mac, w/ lipstick on. #lonely",Neutral,Positive
James Franklin one ups Mark Dantonio in the bad play calling department by calling a fake punt on 4th and 11 #UMvsPSU,Negative,Neutral
@user wall to wall people on the platform at South Norwalk waiting for the 8:08. Thanks for the Sat. Sched. Great sense,Negative,Positive
"""Maybe going out on Thurs, Fri, Sat nights is a bit harder than I thought when I also work tues, wed, thur, fri, sat, sun, mon, tues....""",Negative,Neutral
And\u002c SURPRISE SURPRISE\u002c majority of the people\u002c sat in the window seats\u002c have gotten off at Murdoch. Wankers,Positive,Neutral
#HelloKarachi #EidMubarak Which #Food would you prefer to eat on Eid 3rd Day?,Neutral,Positive
Foreign commentator award at the #commentawards goes to the late Marie Colvin of the Sunday Times,Neutral,Positive
@user your taking your time\u002c your josh has already blossomed into a filthy Rich young man .. he payed me taxi on Saturday #someguy,Positive,Neutral
@user @user  Fear among Muslims may be plausible yet unwarranted... But Dalits are becoming the biggest supporters of modi.,Neutral,Negative
Interresting to read\u002c except if you work for RIM or Microsoft (but it may change soon) : The Mobile Industry in Numbers,Positive,Negative
Dishwasher repair canceled. ..sears coming out Tuesday...grrrr...can't wait to see Annabelle with David Misty...,Negative,Positive
Anyone else smile fondly when Ed Sheeran sings about being kissed under a lamppost on 6th street? No? Just me?,Positive,Neutral
Aye yo add me on snapchat because im going to be snapchatting everything tomorrow at digi - nicoletrevino63,Positive,Neutral
I\u2019m sitting home on a Saturday night watching Silent House with my parents. #looooser xP,Negative,Positive
bought tix for sat\u2019s nets game b4 prices jumpd and @user allowd seller to reneg w/o proof the tix arent available #POORCUSTOMERSERVICE,Negative,Neutral
Justin Bieber drunk singing sorry  and rocking out with fans at 1 oak nightclub November 14 2015 (3),Negative,Neutral
Ciao\u002c Tennessee. Hello\u002c Kentucky. Mali progress. I may actually make it home before the sun comes up.,Neutral,Negative
@user Give Tom Brady the #crybabY and his New England Patriots their 1st loss of the season,Negative,Neutral
I guess I'm going to watch Anderson Silva whop a nigga ass while drinking Grey Goose tonight,Positive,Negative
Ice Cube can help with the Straight Outta Compton movie but can't even make the last Friday movie.... Bruhhh,Negative,Neutral
Do not be afraid to be saints. Be open to the Lord so that He may lighten all your ways. [Bl. Pope John Paul II,Positive,Neutral
@user moderate NAT and freezing issue. I'm used to the sweats!! I may buy a PS4 before release based on playability,Positive,Neutral
@user Sorry about the Yankees... there is always tomorrow.  Want to fly to New York for a game?,Negative,Positive
When you have to wait 15 for a table on a Friday morning at IHOP,Negative,Neutral
"""Scott Walker support has also dropped significantly, down 33% from pre-debate. Now tied for 5th with Huckabee. #tcot #gop""",Negative,Neutral
Late Halloween party next saturday & going as Thriller Michael Jackson\u002c is it to controversial to hold a baby doll too?,Neutral,Positive
"""Attempting to read """"Paper Towns"""" in one sitting so I can watch it's final showing tomorrow at Macquarie Shopping Centre.""",Neutral,Positive
Woah! What a way to kick off Monday Night Raw with Brock Lesnar!,Positive,Neutral
Hopefully I work an early shift September 6th would love to go to watch the Jurassic park quote a long,Neutral,Positive
Tomorrow ill see Mr.Jake Owen with my baby,Neutral,Positive
"""A win for either Metronomy, Everything Everything or PJ Harvey would be a satisfactory outcome for tonight's Mercury Awards.""",Positive,Neutral
David Wright doing David Wright things. On to the 13th still 5-5,Neutral,Positive
@user Chris Evans should lose his voice more often if it means we get more listenable breakfast shows like this Monday and Tuesday's.,Negative,Positive
Rahul Gandhi talking about politics and policies is like studying for CAT from a 2nd grade teacher. @user  #FakeIntolerance,Negative,Neutral
NodaRioty happening tomorrow night at Neighborhood Theatre. Put it on your social agenda to come out support your local artist!!!,Neutral,Positive
@user David price done the same thing. And got his cunt kicked in a 2nd time,Negative,Neutral
@user Reminds me of all those free-speech-suppressing leaders at the Charlie Hebdo march...,Negative,Neutral
We add our regrets for yesterday's tragedy at the Pride Parade. May Peace Happen during our time.  Shabbat Shalimar,Neutral,Positive
You do not want to miss this tomorrow night.  RJ is moving to Maryland soon\u002c and we have a truly epic set planned...,Neutral,Positive
Josh Hamilton hit a two run homer in 2011 WS in the 10th with a sports hernia. If anyone with any decent fielding skills catches the ball...,Positive,Neutral
ugh why everyone going to Athens Saturday night. go Friday!,Negative,Positive
Eating doritos w/ tapatio and watching Family Guy to end the night(;,Neutral,Positive
Murray a set down and 3-0 down in the 2nd set and bookies are laying Murray at Evens? Ridiculous,Negative,Neutral
let it snow #winter #switzerland #monday #cold @ Interlaken,Positive,Neutral
"""New Daily reported on the 5th that Lee Soo Man's wife passed away, succumbed to an illness.""",Negative,Neutral
"@user Dude, it was sad saying goodbye to the PH last night. I'll always remember my 1st St Pattys when we stayed up all night...""",Negative,Positive
"""All I want for Christmas is licensing please August Alsina, Future, Kendrick Lamar, Miguel, Rick Ross , Lil Wayne...",Positive,Negative
@user @user My favourite thing about Christmas is Slade and Mariah Carey; at least on 5+6 Dec the buses are running!,Positive,Neutral
so Ms.Sea (however you spell her name) from Berkmar left and now is sn AP at Lanier and I skipped 4th period and stayed in her office (: lol,Positive,Neutral
$150 for George Strait in March at the Houston Rodeo?! looks like i need to start saving! :),Positive,Neutral
"@user Big fan of your work! Star Trek, Threshold, Fresh Hell, Alphas, etc and may meet you in person at DSTL! Yay! You Rock!""",Positive,Neutral
Possibly going to Comic Con in Santa Fe. Can I make a Mikasa scout outfit before the 24th it's on!,Positive,Neutral
"@user @user Reset the criteria - make it FAIR.  Let Carly  Fiorina debate on """"Main Stage"""" on September 16th #Carly2016 @user",Negative,Neutral
@user headlines are that Murray lose to an UNKNOWN Anderson. The guy is ranked 14th in the world.,Neutral,Negative
"On September 4 1993, Madonna's fifth single taken from her Erotica album, Rain, moved to #17 on the Billboard Hot...",Positive,Neutral
Sitting at home on a Saturday night watching Magic Mike XXL in bed with my dog and a pizza box wondering why I'm still single.,Neutral,Positive
@user @user He was even booed at the protest march of  ex serviceman for OROP.They even said Rahul Gandhi wapas jao.Besharam.,Negative,Neutral
"""Oliseh pleased with home-based players after win in test game: Super Eagles coach, Sunday Oliseh, ... via @user",Positive,Neutral
All my friends are going to the Sam Smith concert tomorrow and I got offered a ticket but ya girl ain't got $145 so I'm maddddd,Negative,Positive
i wanna go to digi in Houston but my mom said she refuses to give me 50 bucks.. looks like i need a job before sept 9th,Negative,Neutral
Alright ladies and (yes) gents. Our poll is here! You may know these two best from both Thor movies AND the Avengers (among others).,Neutral,Positive
Murray a set down and 3-0 down in the 2nd set and bookies are laying Murray at Evens? Ridiculous,Negative,Neutral
May God bless the people of Israel and keep them safe.,Positive,Negative
"""I think i may work on buying complete manga, like Fullmetal Alchemist or Naruto, I'm just not sure yet""",Neutral,Negative
"""David Coulthard says Fernando Alonso may have lost some leverage in negotiations with McLaren, adding that Merc...",Neutral,Negative
"""Now I gotta cut loose, footloose, kick off the Sunday shoes. Please, Louise, pull me off of my knees."" - Kurt Cobain 1967-1993",Neutral,Negative
The complete 5th season of #Dexter is available on DVD today! Or you could just watch it On Demand..,Positive,Negative
Loads of goodies from House of Wilde\u002c Stylestalker\u002c Staple the Label\u002c Fairground and Piper Lane will be available tomorrow! Stay tuned! Xx,Positive,Neutral
To go to Astrology night tomorrow or to not go to Astrology night tomorrow. That is the question.,Neutral,Negative
Massive thunderstorm over Milan last night. A few more of those expected across the coming days. Friday looking sketchy.,Negative,Positive
When the gay marriage thing went thru I sat next to a bunch of politicians that stated he was all about the smaller things in life,Neutral,Negative
@user I think that may be from the blood of everyone who died so much in Dark Souls 2...,Neutral,Negative
I'm convinced listening to the Freak Show tomorrow morning will be WAY better than that Sharknado ending. @user @user,Neutral,Positive
This is why the Red Sox are last place in the division. Poor defence in this 10th inning @user,Negative,Neutral
"""Let me tell you two things that don't mix: Tuesday night Eagles of Death Metal gig, and Wednesday morning 8.00am meeting #SleepyFlora""",Negative,Positive
"Fleetwood Mac will represent #TeamTwerk/The U.K. in the 3rd Popptartvision with the song ""Rhiannon""",Neutral,Positive
quite enjoying @user on MNF - he looks more at home sat down tho - I don't think he knows what to do with his hands when he's stood up,Positive,Negative
Would you believe CNN wsnts to deny Carly Fiorina a spot in the ma8n September 16th 'debate.' Very wrong and stupid,Negative,Positive
@user ugh right I sat right back down. Woulda been so great to beat the Red Sox with a grand slam...,Positive,Neutral
@user Millsap\u002c Al... Favors is getting there and Kanter will.  Is Jeremy Evans your 5th? Idk about that. If Evans is legit\u002c I think,Neutral,Negative
Jonathan Kozol Event-Cancelled for Friday EVENT CANCELED: Fire in the Ashes: Victims and Survivors of Apartheid...,Negative,Neutral
Beginning to worry Murray may be stuck on two grand slams for the rest of his career.,Neutral,Negative
Oh God can ABC be more obvious? They keep touting Taylor as 1st female to win EOTY 3x in commercials. Give it away much? Vomiting.,Negative,Positive
horrible headache! day of packing ready for my trip to scotland tomorrow!,Negative,Positive
Prepping for tomorrow's National Hot Dog Day. Hot dog cupcakes with whipped icing weenie and condiments. It's a...,Neutral,Positive
@user yes they seem to be in quite a mess at BCFC hope you beat Spurs tomorrow,Negative,Positive
"""All he said is that it was funny, and weren't you up Nicki's ass in July?",Neutral,Negative
"""Directioners may be big on Twitter but when the voting goes out to the whole world, they lose. Kpop has a bigger fandom #DirectionersFuneral""",Neutral,Negative
"""The most unrealistic thing in any movie was in """"Compton"""" when Ice Cube was sitting in front a Mac with Final Draft open writing """"Friday.""""""",Negative,Neutral
Caitlyn Jenner May Face Manslaughter Chargesk!!! the whole story:,Neutral,Negative
Sold Out OSU NIKE WEEK ZERO v6 amp Available. Men's Size 10 for $230. Local pickup in the Buckeye City. Available before Monday's Game.,Neutral,Positive
Guess The Idol 1#  Hint:He met B2St\u2019s Gikwang in the 10th grade  COMMENT ANSWER+PR NO PR WRONG Admin...,Neutral,Negative
Okay so my fam is going to Queen Mary tomorrow i'm really scared of hunted houses and this is a big o hunted...,Negative,Positive
@user needs to reshow the Jimmy McGovern drama again. It's so powerful and accurate. And now people know that it may shock people even more,Positive,Negative
"@user we got to get that stuff for project , so tomorrow we can do it after weights and another NCAA Tournament  @user",Neutral,Positive
Speaking of Chris Jericho\u002c it is Wednesday today is it not? Time for some catching up on wrestling.,Neutral,Positive
@user Could this be Islam's 5th column? Very few women and children in any of the photos we see.,Negative,Neutral
But first today...taking all the brood to see Rise of the Planet of the Apes. Might sneak the dog in too...,Neutral,Positive
I feel like Viola Davis is being Cicely Tysoned but I\u2019m going to bed. I may awake to hate tweets.,Neutral,Negative
Chris Alexander's TV meltdown on PnP last Wed. made the BBC's front page on-line. He blames media for lack of action on refugees. #cdnpoli,Negative,Neutral
"@user If all of the Kpop fans came after 1d people will wake up tomorrow and be like """"who is 1d?""""""",Neutral,Negative
The Kee to Bala just got Drizzy: Intimate concert in one of greatest venues with rapper @user this Saturday pm in #Muskoka's @user,Neutral,Positive
Barbie's belated Fashion chat from Paris Fashion Week will go up on the blog tomorrow. It's as hilarious as Karl's new hula hoop IT bag. ;-),Positive,Neutral
"""Hilary Benn, the Tory press may love you for your betrayal but you will be playing Tony Blair in Chilcott 2""",Negative,Positive
"""This #GOP race is seriously getting out of hand. Who in the blue heck is John Kasich? Or red heck, as the case may be here.""",Negative,Neutral
Take the 1st step to purchase your dream Lexus. Contact our F&amp;I Department to find out how you can apply for finance,Positive,Neutral
"""Now the Yankees are primed to be swept. They face David Price tomorrow. Yea, I know, they hit him well. He's way too to not change that up.""",Neutral,Negative
"""Well, guess who's probably NOT gonna be the 6th man? Randy Orton. #RawBaltimore #RAW""",Neutral,Negative
"""RT @user The Teen Choice Awards is tomorrow! I wish everyone from the cast of The Vampire Diaries, True blood and Supernatural Go ...""",Neutral,Positive
I have to admit John Kasich may be the most competent person on the stage...,Positive,Negative
@user @user Yakub got bad unfair sentence due to 3rd rate prosecutor not telling court about his crucial cooperation.,Neutral,Negative
"""Carol, a period romance set in 1950s New York and starring Cate Blanchett, topped nominations for the Golden Globes on Thursday, as""",Negative,Neutral
